<metadata1>
    <type>dynamic</type>
    <value>Bonds</value>
    <category>Subsection</category>
    <cols>9</cols>
    <rows>2</rows>
    <columnHeaders>
        <category>Table</category>
        <metadata2>
            <type>static</type>
            <value>Description</value>
            <rows>
                <row>Asset Backed</row>
                <row>Total Asset</row>
            </rows>
        </metadata2>
         <metadata3>
            <type>dynamic</type>
            <value>Maturity</value>
            <rows>
                <row>Stag_D_Collection_1</row>
                <row></row>
            </rows>
        </metadata3>
        <metadata4>
            <type>dynamic</type>
            <value>Quantity</value>
            <rows>
                <row>Stag_D_Collection_2</row>
                <row></row>
            </rows>
        </metadata4>
        <metadata5>
            <type>dynamic</type>
            <value>Price per Unit</value>
            <rows>
                <row>Stag_D_Collection_3</row>
                <row></row>
            </rows>
        </metadata5>
        <metadata6>
            <type>dynamic</type>
            <value>Ending market Value</value>
            <rows>
                <row>Stag_D_Collection_4</row>
                <row>Sum(M6)</row>
            </rows>
        </metadata6>
        <metadata7>
            <type>dynamic</type>
            <value>Total Cost</value>
            <rows>
                <row>Stag_D_Collection_5</row>
                <row>Sum(M7)</row>
            </rows>
        </metadata7>
        <metadata8>
            <type>dynamic</type>
            <value>Unrealized Gain/Loss</value>
            <rows>
                <row>Stag_D_Collection_6</row>
                <row>Sum(M8)</row>
            </rows>
        </metadata8>
         <metadata9>
            <type>dynamic</type>
            <value>Est. Annual Income</value>
            <rows>
                <row>Stag_D_Collection_7</row>
                <row>Sum(M9)</row>
            </rows>
        </metadata9>
        <metadata10>
            <type>dynamic</type>
            <value>Coupon Rate</value>
            <rows>
                <row>Stag_D_Collection_8</row>
                <row></row>
            </rows>
        </metadata10>
    </columnHeaders>
    
</metadata1>